Metric	Mean
accuracy	0.7427818807489135
F1_X_clase_mean	[0.6542683193482429, 0.24303955091261287, 0.7562653899403727, 0.7983699005478013, 0.783156272467271]
f1_macro	0.6470198866432602
