Metric	Mean
accuracy	0.7676010222921459
F1_X_clase_mean	[0.7265309189300497, 0.2963855752756001, 0.7711929525236595, 0.7901103659839553, 0.8409099344348582]
f1_macro	0.6850259494296247
