Metric	Mean
accuracy	0.8171766373026905
F1_X_clase_mean	[0.9051078258731605, 0.28542419803405783, 0.780122236413624, 0.746486255757021, 0.7474337372913641]
f1_macro	0.6928023935218354
