Metric	Mean
accuracy	0.8211096655088393
F1_X_clase_mean	[0.9132030996058734, 0.3661719515712961, 0.7841870631517135, 0.681120510775503, 0.81621311406195]
f1_macro	0.7121791478332672
