Metric	Mean
accuracy	0.8581243553093948
F1_X_clase_mean	[0.8207696793950484, 0.5118973454698806, 0.8855391975025007, 0.7994188334613144, 0.8933282961594188]
f1_macro	0.7821906703976325
