Metric	Mean
accuracy	0.8700754845813404
F1_X_clase_mean	[0.8680098661161283, 0.5495998547716693, 0.8857981805435664, 0.7897666066633333, 0.9085513872429213]
f1_macro	0.8003451790675239
