Metric	Mean
accuracy	0.9433979657825958
F1_X_clase_mean	[0.9895289368559967, 0.5057319419054938, 0.8664676769913533, 0.7703260317182912, 0.9013701517179568]
f1_macro	0.8066849478378183
