Metric	Mean
accuracy	0.8192140209980961
F1_X_clase_mean	[0.9010154848234616, 0.3320497501928274, 0.762351998256415, 0.7267118408316054, 0.5580490927545472]
f1_macro	0.6560356333717715
