Metric	Mean
accuracy	0.4047553719944694
F1_X_clase_mean	[0.43185985634391016, 0.010089999005401258, 0.43247974240709425, 0.07056992769278643, 0.5694192017552004]
f1_macro	0.30137314787616903
