Metric	Mean
accuracy	0.7358396476166633
F1_X_clase_mean	[0.7126607786742255, 0.3271690478756831, 0.782204925578486, 0.7737387118675025, 0.7972434695981575]
f1_macro	0.6776900683792522
